2001251	19/12/2025
2001252	19/12/2025
2001256	19/12/2025
2001257	19/12/2025
2001258	19/12/2025
2001259	19/12/2025
2001263	19/12/2025
2001277	19/12/2025
2001282	19/12/2025
2001293	19/12/2025
2001295	19/12/2025
2001298	19/12/2025
2001299	19/12/2025
2001469	19/12/2025
2001490	19/12/2025
2001546	19/12/2025
2001547	19/12/2025
2001548	19/12/2025
2001549	19/12/2025
2001589	19/12/2025
2001594	19/12/2025
2001599	19/12/2025
2001600	19/12/2025
2001625	19/12/2025
2001631	19/12/2025
2001638	19/12/2025
2001639	19/12/2025
2001642	19/12/2025
2001643	19/12/2025
2001644	19/12/2025
2001653	19/12/2025
2001654	19/12/2025
2001657	19/12/2025
2001660	19/12/2025
2001665	19/12/2025
2001669	19/12/2025
2001671	19/12/2025
2001673	19/12/2025
2001676	19/12/2025
2001677	19/12/2025
2001679	19/12/2025
2001681	19/12/2025
2001685	19/12/2025
2001686	19/12/2025
2001687	19/12/2025
2001691	19/12/2025
2001693	19/12/2025
2001694	19/12/2025
2001697	19/12/2025
2001698	19/12/2025
2001699	19/12/2025
2001701	19/12/2025
2001702	19/12/2025
2001703	19/12/2025
2001704	19/12/2025
2001705	19/12/2025
2001706	19/12/2025
2001710	19/12/2025
2001713	19/12/2025
2001715	19/12/2025
2001716	19/12/2025
2001719	19/12/2025
2001721	19/12/2025
2001729	19/12/2025
2001735	19/12/2025
2001856	20/12/2025
2001948	20/12/2025
2001964	20/12/2025
2002781	20/12/2025
2002818	21/12/2025
2002820	21/12/2025
2003405	21/12/2025
2003412	21/12/2025
2003413	21/12/2025
2003414	21/12/2025
2003415	21/12/2025
2003416	21/12/2025
2003417	21/12/2025
2003418	21/12/2025
2003419	21/12/2025
2003423	21/12/2025
2003426	22/12/2025
2003450	22/12/2025
2003451	22/12/2025
2003452	22/12/2025
2003456	22/12/2025
2003457	22/12/2025
2003458	22/12/2025
2003459	22/12/2025
2003461	22/12/2025
2003465	22/12/2025
2003466	22/12/2025
2003467	22/12/2025
2003471	22/12/2025
2003473	22/12/2025
2003497	22/12/2025
2003504	22/12/2025
2003516	22/12/2025
2003517	22/12/2025
2003520	22/12/2025
2003521	22/12/2025
2003522	22/12/2025
2003523	22/12/2025
2003528	22/12/2025
2003530	22/12/2025
2003534	22/12/2025
2003535	22/12/2025
2003536	22/12/2025
2003538	22/12/2025
2003539	22/12/2025
2003542	22/12/2025
2003544	22/12/2025
2003545	22/12/2025
2003548	22/12/2025
2003550	22/12/2025
2003551	22/12/2025
2003552	22/12/2025
2003553	22/12/2025
2003554	22/12/2025
2003556	22/12/2025
2003558	22/12/2025
2003559	22/12/2025
2003560	22/12/2025
2003561	22/12/2025
2003562	22/12/2025
2003563	22/12/2025
2003564	22/12/2025
2003567	22/12/2025
2003568	22/12/2025
2003569	22/12/2025
2003570	22/12/2025
2003571	22/12/2025
2003572	22/12/2025
2003574	22/12/2025
2003576	22/12/2025
2003578	22/12/2025
2003580	22/12/2025
2003581	22/12/2025
2003582	22/12/2025
2003583	22/12/2025
2003584	22/12/2025
2003585	22/12/2025
2003587	22/12/2025
2003588	22/12/2025
2003589	22/12/2025
2003590	22/12/2025
2003591	22/12/2025
2003592	22/12/2025
2003594	22/12/2025
2003595	22/12/2025
2003596	22/12/2025
2003598	22/12/2025
2003599	22/12/2025
2003603	22/12/2025
2003608	22/12/2025
2003611	22/12/2025
2003612	22/12/2025
2003615	22/12/2025
2003616	22/12/2025
2003617	22/12/2025
2003618	22/12/2025
2003619	22/12/2025
2003621	22/12/2025
2003622	22/12/2025
2003624	22/12/2025
2003626	22/12/2025
2003627	22/12/2025
2003628	22/12/2025
2003629	22/12/2025
2003631	22/12/2025
2003633	22/12/2025
2003635	22/12/2025
2003639	22/12/2025
2003642	22/12/2025
2003643	22/12/2025
2003645	22/12/2025
2003647	22/12/2025
2003648	22/12/2025
2003649	22/12/2025
2003650	22/12/2025
2003652	22/12/2025
2003655	22/12/2025
2003656	23/12/2025
2003657	23/12/2025
2003661	23/12/2025
2003663	23/12/2025
2003664	23/12/2025
2003684	23/12/2025
2003740	23/12/2025
2003768	23/12/2025
2003788	23/12/2025
2003795	23/12/2025
2003796	23/12/2025
2003798	23/12/2025
2003799	23/12/2025
2003801	23/12/2025
2003805	23/12/2025
2003806	23/12/2025
2003811	23/12/2025
2003812	23/12/2025
2003813	23/12/2025
2003817	23/12/2025
2003818	23/12/2025
2003819	23/12/2025
2003820	23/12/2025
2003824	23/12/2025
2003825	23/12/2025
2003832	23/12/2025
2003835	23/12/2025
2003836	23/12/2025
2003837	23/12/2025
2003838	23/12/2025
2003839	23/12/2025
2003840	23/12/2025
2003843	23/12/2025
2003844	23/12/2025
2003845	23/12/2025
2003846	23/12/2025
2003847	23/12/2025
2003849	23/12/2025
2003853	23/12/2025
2003855	23/12/2025
2003857	23/12/2025
2003860	23/12/2025
2003861	24/12/2025
2003862	24/12/2025
2003863	24/12/2025
2003866	24/12/2025
2003867	24/12/2025
2003918	24/12/2025
2003932	24/12/2025
2003933	24/12/2025
2003941	24/12/2025
2003942	24/12/2025
2003943	24/12/2025
2003944	24/12/2025
2003946	24/12/2025
2003948	24/12/2025
2003949	24/12/2025
2003950	24/12/2025
2003952	24/12/2025
2003953	24/12/2025
2003954	24/12/2025
2003955	24/12/2025
2003958	24/12/2025
2003960	24/12/2025
2003961	24/12/2025
2003962	24/12/2025
2003963	24/12/2025
2003964	24/12/2025
2003965	24/12/2025
2003966	24/12/2025
2003968	24/12/2025
2003971	24/12/2025
2004067	25/12/2025
2004071	25/12/2025
2004072	25/12/2025
2004078	25/12/2025
2004079	25/12/2025
2004080	25/12/2025
2004085	25/12/2025
2004086	25/12/2025
2004087	25/12/2025
2004088	25/12/2025
2004090	25/12/2025
2004108	26/12/2025
2004109	26/12/2025
2004110	26/12/2025
2004111	26/12/2025
2004112	26/12/2025
2004114	26/12/2025
2004115	26/12/2025
2004116	26/12/2025
2004117	26/12/2025
2004118	26/12/2025
2004119	26/12/2025
2004120	26/12/2025
2004121	26/12/2025
2004122	26/12/2025
2004132	26/12/2025
2004138	26/12/2025
2004139	26/12/2025
2004140	26/12/2025
2004142	26/12/2025
2004193	26/12/2025
2004198	26/12/2025
2004200	26/12/2025
2004201	26/12/2025
2004385	26/12/2025
2004394	26/12/2025
2004967	26/12/2025
2005317	26/12/2025
2005321	26/12/2025
2005322	26/12/2025
2005323	26/12/2025
2005324	26/12/2025
2005327	26/12/2025
2005328	26/12/2025
2005334	26/12/2025
2005335	26/12/2025
2005336	26/12/2025
2005348	26/12/2025
2005349	26/12/2025
2005359	26/12/2025
2005360	26/12/2025
2005367	26/12/2025
2005369	26/12/2025
2005377	26/12/2025
2005381	26/12/2025
2005384	26/12/2025
2005385	26/12/2025
2005390	26/12/2025
2005397	26/12/2025
2005398	26/12/2025
2005408	26/12/2025
2005409	26/12/2025
2005410	26/12/2025
2005411	26/12/2025
2005412	26/12/2025
2005416	26/12/2025
2005430	27/12/2025
2005437	27/12/2025
2005439	27/12/2025
2005449	27/12/2025
2007313	27/12/2025
2007727	27/12/2025
2007900	27/12/2025
2007952	27/12/2025
2007956	27/12/2025
2007957	27/12/2025
2007958	27/12/2025
2007964	27/12/2025
2007965	27/12/2025
2007966	27/12/2025
2007969	27/12/2025
2007971	27/12/2025
2007973	27/12/2025
2007975	27/12/2025
2007978	27/12/2025
2007983	28/12/2025
2007985	28/12/2025
2007995	28/12/2025
2008039	28/12/2025
2008049	28/12/2025
2008091	28/12/2025
2008092	28/12/2025
2008097	28/12/2025
2008118	28/12/2025
2008131	28/12/2025
2008132	28/12/2025
2008134	28/12/2025
2008135	28/12/2025
2008137	28/12/2025
2008138	28/12/2025
2008140	28/12/2025
2008142	28/12/2025
2008145	28/12/2025
2008148	28/12/2025
2008150	29/12/2025
2008151	29/12/2025
2008160	29/12/2025
2008164	29/12/2025
2008206	29/12/2025
2008371	29/12/2025
2008445	29/12/2025
2008498	29/12/2025
2008500	29/12/2025
2008629	29/12/2025
2008809	29/12/2025
2008993	29/12/2025
2009001	29/12/2025
2009002	29/12/2025
2009003	29/12/2025
2009006	29/12/2025
2009009	29/12/2025
2009011	29/12/2025
2009014	29/12/2025
2009015	29/12/2025
2009016	29/12/2025
2009017	29/12/2025
2009019	29/12/2025
2009021	29/12/2025
2009024	29/12/2025
2009027	29/12/2025
2009030	29/12/2025
2009031	29/12/2025
2009032	29/12/2025
2009033	29/12/2025
2009034	29/12/2025
2009035	29/12/2025
2009036	29/12/2025
2009037	29/12/2025
2009038	29/12/2025
2009040	29/12/2025
2009042	29/12/2025
2009050	29/12/2025
2009051	29/12/2025
2009052	29/12/2025
2009053	29/12/2025
2009054	29/12/2025
2009057	29/12/2025
2009058	29/12/2025
2009059	29/12/2025
2009062	29/12/2025
2009063	29/12/2025
2009071	29/12/2025
2009072	29/12/2025
2009074	29/12/2025
2009075	29/12/2025
2009076	29/12/2025
2009077	29/12/2025
2009078	29/12/2025
2009079	29/12/2025
2009080	29/12/2025
2009081	29/12/2025
2009082	29/12/2025
2009084	29/12/2025
2009085	29/12/2025
2009086	29/12/2025
2009087	29/12/2025
2009088	29/12/2025
2009089	29/12/2025
2009090	29/12/2025
2009091	29/12/2025
2009092	29/12/2025
2009094	29/12/2025
2009095	29/12/2025
2009100	30/12/2025
2009101	30/12/2025
2009102	30/12/2025
2009107	30/12/2025
2009111	30/12/2025
2009112	30/12/2025
2013557	30/12/2025
2013558	30/12/2025
2013559	30/12/2025
2013560	30/12/2025
2013561	30/12/2025
2013562	30/12/2025
2013563	30/12/2025
2013564	30/12/2025
2013565	30/12/2025
2013566	30/12/2025
2013568	30/12/2025
2013569	30/12/2025
2013570	30/12/2025
2013572	31/12/2025
2013574	31/12/2025
2013576	31/12/2025
2013577	31/12/2025
2013579	31/12/2025
2013581	31/12/2025
2013585	31/12/2025
2015290	31/12/2025
2015397	31/12/2025
2015608	01/01/2026
2015712	01/01/2026
2015713	01/01/2026
2015714	01/01/2026
2015716	01/01/2026
2015718	01/01/2026
2015720	01/01/2026
2015724	02/01/2026
2015725	02/01/2026
2015727	02/01/2026
2015728	02/01/2026
2015746	02/01/2026
2017838	02/01/2026
2017848	02/01/2026
2017860	02/01/2026
2017871	02/01/2026
2017908	02/01/2026
2017910	02/01/2026
2017915	02/01/2026
2017917	02/01/2026
2017921	02/01/2026
2017922	02/01/2026
2017923	02/01/2026
2017924	02/01/2026
2017927	03/01/2026
2017928	03/01/2026
2017929	03/01/2026
2017932	03/01/2026
2017937	03/01/2026
2019003	04/01/2026
2019100	06/01/2026
2019434	07/01/2026
2019445	07/01/2026
2019450	07/01/2026
2019460	07/01/2026
2019463	07/01/2026
2019474	07/01/2026
2019480	07/01/2026
2019495	07/01/2026
2019508	07/01/2026
2019522	07/01/2026
2019523	07/01/2026
2019534	07/01/2026
2019536	07/01/2026
2019544	07/01/2026
2019557	07/01/2026
2019581	07/01/2026
2019591	07/01/2026
2019597	07/01/2026
2019630	07/01/2026
2019638	07/01/2026
2019641	07/01/2026
2019666	07/01/2026
2019721	07/01/2026
2019771	07/01/2026
2019777	07/01/2026
2019818	07/01/2026
2019955	07/01/2026
2019963	07/01/2026
2019965	07/01/2026
2019973	08/01/2026
2023791	08/01/2026
2023797	08/01/2026
2023837	08/01/2026
2023839	08/01/2026
2023847	08/01/2026
2023849	08/01/2026
2024073	08/01/2026
2024107	08/01/2026
2024114	09/01/2026
2024123	09/01/2026
2024367	09/01/2026
2024680	09/01/2026
2024717	09/01/2026
2024738	09/01/2026
2025071	09/01/2026
2025582	10/01/2026
2028898	11/01/2026
2028906	11/01/2026
2028908	11/01/2026
2028910	11/01/2026
2028911	11/01/2026
2028912	11/01/2026
2033983	12/01/2026
2034003	12/01/2026
2034009	12/01/2026
2034013	12/01/2026
2036621	13/01/2026
2036622	13/01/2026
2036623	13/01/2026
2036627	13/01/2026
2039102	14/01/2026
2039218	14/01/2026
2039229	14/01/2026
2039636	14/01/2026
2039637	14/01/2026
2039663	14/01/2026
2039665	14/01/2026
2039667	14/01/2026
2039700	14/01/2026
2039701	14/01/2026
2039703	14/01/2026
2039704	14/01/2026
2039705	14/01/2026
2039721	15/01/2026
2039761	15/01/2026
2039838	15/01/2026
2039874	15/01/2026
2039878	15/01/2026
2039965	15/01/2026
2040326	15/01/2026
2040334	16/01/2026
2040342	16/01/2026
2040354	16/01/2026
2040358	16/01/2026
2040849	16/01/2026
2040927	16/01/2026
2040932	16/01/2026
2040936	16/01/2026
2040940	16/01/2026
2040943	17/01/2026
2040946	17/01/2026
2040955	17/01/2026
2041184	17/01/2026
2041388	17/01/2026
2042095	17/01/2026
2043224	18/01/2026
2044541	19/01/2026
2044544	19/01/2026
2044545	19/01/2026
2044546	19/01/2026
2044547	19/01/2026
2044548	19/01/2026
2044550	19/01/2026
2044622	19/01/2026
2044695	19/01/2026
2044716	20/01/2026
2045255	20/01/2026
2045293	20/01/2026
2045297	20/01/2026
2045331	20/01/2026
2045342	20/01/2026
2045350	20/01/2026
2045352	20/01/2026
2045353	20/01/2026
2045360	20/01/2026
2045365	20/01/2026
2045373	21/01/2026
2045374	21/01/2026
2045378	21/01/2026
2045379	21/01/2026
2045381	21/01/2026
2045385	21/01/2026
2045388	21/01/2026
2045561	21/01/2026
2046217	21/01/2026
2046244	21/01/2026
2046251	21/01/2026
2046522	21/01/2026
2047349	21/01/2026
2047544	21/01/2026
2047546	21/01/2026
2047740	22/01/2026
2047956	22/01/2026
2048021	22/01/2026
2048028	22/01/2026
2048072	22/01/2026
2048325	22/01/2026
2048340	23/01/2026
2048384	23/01/2026
2048389	23/01/2026
2048398	23/01/2026
2048402	23/01/2026
2048417	23/01/2026
2048429	23/01/2026
2048430	23/01/2026
2048435	23/01/2026
2048446	23/01/2026
2048455	23/01/2026
2048467	23/01/2026
2048523	23/01/2026
2048529	23/01/2026
2048538	23/01/2026
2048547	23/01/2026
2048548	23/01/2026
2048554	23/01/2026
2048562	23/01/2026
2048565	23/01/2026
2048566	23/01/2026
2048567	23/01/2026
2048575	23/01/2026
2048577	23/01/2026
2048582	23/01/2026
2048585	23/01/2026
2048586	23/01/2026
2048587	23/01/2026
2048591	23/01/2026
2048595	23/01/2026
2048622	23/01/2026
2048624	23/01/2026
2048705	23/01/2026
2048754	23/01/2026
2048763	23/01/2026
2048770	23/01/2026
2048771	23/01/2026
2048776	23/01/2026
2048777	23/01/2026
2048782	23/01/2026
2048784	23/01/2026
2048792	23/01/2026
2048802	23/01/2026
2048806	23/01/2026
2048810	23/01/2026
2048812	23/01/2026
2048814	23/01/2026
2048820	23/01/2026
2048821	23/01/2026
2048825	23/01/2026
2048827	23/01/2026
2048829	23/01/2026
2048834	23/01/2026
2048843	23/01/2026
2048844	23/01/2026
2048857	23/01/2026
2048872	23/01/2026
2048883	24/01/2026
2048916	24/01/2026
2050693	24/01/2026
2050705	24/01/2026
2052485	24/01/2026
2053118	25/01/2026
2053358	25/01/2026
2053402	26/01/2026
2053447	26/01/2026
2053575	26/01/2026
2054485	26/01/2026
2054928	26/01/2026
2055631	26/01/2026
2055653	26/01/2026
2055662	26/01/2026
2055693	26/01/2026
2055696	26/01/2026
2055697	26/01/2026
2055707	26/01/2026
2055723	26/01/2026
2055772	26/01/2026
2055913	26/01/2026
2055914	26/01/2026
2056060	27/01/2026
2056061	27/01/2026
2056062	27/01/2026
2056063	27/01/2026
2056064	27/01/2026
2056065	27/01/2026
2056067	27/01/2026
2056068	27/01/2026
2056069	27/01/2026
2056070	27/01/2026
2056071	27/01/2026
2056073	27/01/2026
2056074	27/01/2026
2056075	27/01/2026
2056077	27/01/2026
2056078	27/01/2026
2056079	27/01/2026
2056081	27/01/2026
2056083	27/01/2026
2056197	27/01/2026
2056204	27/01/2026
2056208	27/01/2026
2056211	27/01/2026
2056220	27/01/2026
2056225	27/01/2026
2056235	27/01/2026
2056239	27/01/2026
2056240	27/01/2026
2056242	27/01/2026
2056243	27/01/2026
2056253	27/01/2026
2056254	27/01/2026
2056255	27/01/2026
2056260	27/01/2026
2056264	27/01/2026
2056265	27/01/2026
2056270	27/01/2026
2056295	27/01/2026
2056299	27/01/2026
2056300	27/01/2026
2056308	27/01/2026
2056312	27/01/2026
2056314	27/01/2026
2056315	27/01/2026
2056316	27/01/2026
2056318	27/01/2026
2056334	27/01/2026
2056337	27/01/2026
2056376	28/01/2026
2056406	28/01/2026
2056467	28/01/2026
2056468	28/01/2026
2056472	28/01/2026
2056888	28/01/2026
2057034	28/01/2026
2057059	28/01/2026
2057086	28/01/2026
2057089	28/01/2026
2057101	28/01/2026
2057111	28/01/2026
2057115	28/01/2026
2057137	28/01/2026
2057146	28/01/2026
2057147	28/01/2026
2057151	28/01/2026
2057153	28/01/2026
2057156	28/01/2026
2057157	28/01/2026
2057162	28/01/2026
2057163	28/01/2026
2057166	28/01/2026
2057188	28/01/2026
2057211	28/01/2026
2057224	28/01/2026
2057262	28/01/2026
2057279	28/01/2026
2057298	28/01/2026
2057316	28/01/2026
2057326	28/01/2026
2057501	28/01/2026
2057505	28/01/2026
2057514	28/01/2026
2057515	28/01/2026
2057516	28/01/2026
2057517	28/01/2026
2057518	28/01/2026
2057523	29/01/2026
2057525	29/01/2026
2057529	29/01/2026
2057530	29/01/2026
2057531	29/01/2026
2057534	29/01/2026
2057535	29/01/2026
2057536	29/01/2026
2057538	29/01/2026
2057541	29/01/2026
2057542	29/01/2026
2057544	29/01/2026
2057547	29/01/2026
2057591	29/01/2026
2058389	29/01/2026
2058390	29/01/2026
2058398	29/01/2026
2058402	29/01/2026
2058403	29/01/2026
2058411	29/01/2026
2058418	29/01/2026
2058424	29/01/2026
2058445	29/01/2026
2058448	29/01/2026
2058540	29/01/2026
2058589	30/01/2026
2058590	30/01/2026
2058591	30/01/2026
2058595	30/01/2026
2058596	30/01/2026
2058598	30/01/2026
2058605	30/01/2026
2058910	30/01/2026
2060002	30/01/2026
2060007	30/01/2026
2060086	30/01/2026
2060096	30/01/2026
2060103	30/01/2026
2060104	30/01/2026
2060311	30/01/2026
2060324	30/01/2026
2060416	30/01/2026
2060434	30/01/2026
2060457	31/01/2026
2063192	31/01/2026
2064397	31/01/2026
2064427	31/01/2026
2064435	31/01/2026
2064475	31/01/2026
2064482	31/01/2026
2064490	31/01/2026
2064492	31/01/2026
2064532	01/02/2026
2064534	01/02/2026
2064544	01/02/2026
2064546	01/02/2026
2064547	01/02/2026
2064555	01/02/2026
2064557	01/02/2026
2064558	01/02/2026
2064770	01/02/2026
2065172	01/02/2026
2065196	01/02/2026
2065212	01/02/2026
2065213	02/02/2026
2065214	02/02/2026
2065216	02/02/2026
2065220	02/02/2026
2066893	02/02/2026
2066902	02/02/2026
2066920	02/02/2026
2066921	02/02/2026
2066929	02/02/2026
2066947	02/02/2026
2066950	02/02/2026
2066953	02/02/2026
2066965	02/02/2026
2066966	02/02/2026
2066977	02/02/2026
2067004	03/02/2026
2067355	03/02/2026
2067402	03/02/2026
2067416	03/02/2026
2067496	03/02/2026
2067970	03/02/2026
2067978	03/02/2026
2067979	03/02/2026
2067980	03/02/2026
2067982	03/02/2026
2067983	03/02/2026
2067986	03/02/2026
2068001	04/02/2026
2068004	04/02/2026
2068005	04/02/2026
2068008	04/02/2026
2068011	04/02/2026
2068210	04/02/2026
2068211	04/02/2026
2068212	04/02/2026
2068213	04/02/2026
2068214	04/02/2026
2068219	04/02/2026
2068220	04/02/2026
2068222	04/02/2026
2068229	04/02/2026
2068230	04/02/2026
2068234	04/02/2026
2068237	04/02/2026
2068244	04/02/2026
2068274	04/02/2026
2068316	04/02/2026
2068339	04/02/2026
2068355	04/02/2026
2068404	04/02/2026
2068442	04/02/2026
2068457	04/02/2026
2068477	04/02/2026
2068505	04/02/2026
2068510	04/02/2026
2068511	04/02/2026
2068512	04/02/2026
2068513	04/02/2026
2068515	04/02/2026
2068516	04/02/2026
2068517	04/02/2026
2068520	04/02/2026
2068526	05/02/2026
2068527	05/02/2026
2068529	05/02/2026
2068535	05/02/2026
2068542	05/02/2026
2068544	05/02/2026
2068548	05/02/2026
2068550	05/02/2026
2068551	05/02/2026
2068555	05/02/2026
2068564	05/02/2026
2069385	05/02/2026
2069440	05/02/2026
2069480	05/02/2026
2069509	05/02/2026
2069510	05/02/2026
2069555	05/02/2026
2069653	05/02/2026
2069828	05/02/2026
2070067	05/02/2026
2070159	05/02/2026
2070164	05/02/2026
2070185	06/02/2026
2070226	06/02/2026
2070227	06/02/2026
2071294	06/02/2026
2071299	06/02/2026
2071300	06/02/2026
2071303	06/02/2026
2071312	06/02/2026
2071313	06/02/2026
2071314	06/02/2026
2071315	06/02/2026
2071316	06/02/2026
2071380	06/02/2026
2071390	06/02/2026
2071396	06/02/2026
2071474	06/02/2026
2071620	06/02/2026
2071630	06/02/2026
2071731	06/02/2026
2071784	06/02/2026
2071802	06/02/2026
2071809	06/02/2026
2071885	06/02/2026
2071900	06/02/2026
2071952	06/02/2026
2071963	06/02/2026
2071976	06/02/2026
2071988	06/02/2026
2072011	06/02/2026
2072037	06/02/2026
2072042	06/02/2026
2072049	06/02/2026
2072054	06/02/2026
2072055	06/02/2026
2072057	06/02/2026
2073117	07/02/2026
2073214	07/02/2026
2073244	07/02/2026
2073281	07/02/2026
2073685	07/02/2026
2073687	07/02/2026
2073698	07/02/2026
2073702	07/02/2026
2073707	07/02/2026
2073846	07/02/2026
2073894	07/02/2026
2073906	07/02/2026
2073907	07/02/2026
2073923	07/02/2026
2073925	07/02/2026
2073958	07/02/2026
2073964	07/02/2026
2074045	07/02/2026
2074062	07/02/2026
2074071	07/02/2026
2074239	07/02/2026
2074338	08/02/2026
2074644	08/02/2026
2077612	08/02/2026
2077614	09/02/2026
2077615	09/02/2026
2077616	09/02/2026
2077617	09/02/2026
2077618	09/02/2026
2077619	09/02/2026
2077620	09/02/2026
2077621	09/02/2026
2077622	09/02/2026
2077623	09/02/2026
2077624	09/02/2026
2077625	09/02/2026
2077627	09/02/2026
2077628	09/02/2026
2077629	09/02/2026
2077630	09/02/2026
2077631	09/02/2026
2077632	09/02/2026
2077634	09/02/2026
2077635	09/02/2026
2077636	09/02/2026
2077640	09/02/2026
2077891	09/02/2026
2077892	09/02/2026
2077893	09/02/2026
2077894	09/02/2026
2077895	09/02/2026
2077897	09/02/2026
2077906	09/02/2026
2077909	09/02/2026
2077914	09/02/2026
2077915	09/02/2026
2077916	09/02/2026
2077917	09/02/2026
2077918	09/02/2026
2077919	09/02/2026
2077920	09/02/2026
2077922	09/02/2026
2077923	09/02/2026
2077924	09/02/2026
2077925	09/02/2026
2077926	09/02/2026
2077927	09/02/2026
2077938	10/02/2026
2078004	10/02/2026
2078006	10/02/2026
2078007	10/02/2026
2078009	10/02/2026
2078019	10/02/2026
2078033	10/02/2026
2078042	10/02/2026
2078053	10/02/2026
2078056	10/02/2026
2078060	10/02/2026
2078193	10/02/2026
2078195	10/02/2026
2078200	10/02/2026
2078209	10/02/2026
2078211	10/02/2026
2078218	10/02/2026
2078219	10/02/2026
2078220	10/02/2026
2078221	10/02/2026
2078222	10/02/2026
2078224	10/02/2026
2078227	10/02/2026
2078228	10/02/2026
2078230	11/02/2026
2078232	11/02/2026
2078237	11/02/2026
2078239	11/02/2026
2078240	11/02/2026
2078352	11/02/2026
2078353	11/02/2026
2078356	11/02/2026
2078370	11/02/2026
2078443	11/02/2026
2078836	11/02/2026
2078959	11/02/2026
2079044	11/02/2026
2079046	11/02/2026
2079061	11/02/2026
2079076	12/02/2026
2080491	12/02/2026
2080496	12/02/2026
2080502	12/02/2026
2080505	12/02/2026
2080506	12/02/2026
2080515	13/02/2026
2080523	13/02/2026
2081756	13/02/2026
2081792	14/02/2026
2081800	14/02/2026
2084585	14/02/2026
2085756	14/02/2026
2085786	14/02/2026
2085910	14/02/2026
2085911	14/02/2026
2085912	14/02/2026
2085941	15/02/2026
2085946	15/02/2026
2086193	15/02/2026
2086270	15/02/2026
2086510	15/02/2026
2086535	15/02/2026
2086665	16/02/2026
2086696	16/02/2026
2086703	16/02/2026
2086710	16/02/2026
2086711	16/02/2026
2086715	16/02/2026
2086718	16/02/2026
2086747	17/02/2026
2086749	17/02/2026
2086803	17/02/2026
2086813	17/02/2026
2086878	17/02/2026
2086883	17/02/2026
2086887	17/02/2026
2086902	17/02/2026
2086903	17/02/2026
2086904	17/02/2026
2086914	17/02/2026
2086917	17/02/2026
2086956	18/02/2026
2087065	18/02/2026
2087073	18/02/2026
2087079	18/02/2026
2087266	19/02/2026
2087452	19/02/2026
2087453	19/02/2026
2087455	19/02/2026
2087456	19/02/2026
2087457	19/02/2026
2087458	19/02/2026
2087460	19/02/2026
2087462	19/02/2026
2087463	19/02/2026
2087464	19/02/2026
2087466	19/02/2026
2087467	19/02/2026
2087470	19/02/2026
2087471	19/02/2026
2087474	19/02/2026
2087475	19/02/2026
2087481	19/02/2026
2087502	20/02/2026
2087504	20/02/2026
2087506	20/02/2026
2087633	20/02/2026
2087635	20/02/2026
2087641	20/02/2026
2087643	20/02/2026
2087647	20/02/2026
2087649	20/02/2026
2087651	20/02/2026
2087652	20/02/2026
2087655	20/02/2026
2087657	20/02/2026
2087659	20/02/2026
2087663	20/02/2026
2087666	20/02/2026
2087667	20/02/2026
2087671	20/02/2026
2087672	20/02/2026
2087675	20/02/2026
2087676	20/02/2026
2087683	20/02/2026
2087686	20/02/2026
2087688	20/02/2026
2087704	20/02/2026
2087735	20/02/2026
2087742	20/02/2026
2087778	20/02/2026
2087783	20/02/2026
2087784	20/02/2026
2087794	20/02/2026
2087795	20/02/2026
2087797	20/02/2026
2087810	21/02/2026
2087817	21/02/2026
2087825	21/02/2026
2087828	21/02/2026
2087836	21/02/2026
2087842	21/02/2026
2087846	21/02/2026
2093643	21/02/2026
2093858	21/02/2026
2094363	21/02/2026
2094380	21/02/2026
2094386	21/02/2026
2094388	21/02/2026
2094408	21/02/2026
2094413	21/02/2026
2094435	21/02/2026
2094441	21/02/2026
2094463	21/02/2026
2094476	21/02/2026
2094511	21/02/2026
2094548	21/02/2026
2094554	21/02/2026
2094557	21/02/2026
2094559	21/02/2026
2094565	21/02/2026
2094576	21/02/2026
2094584	21/02/2026
2094589	21/02/2026
2094590	21/02/2026
2094606	22/02/2026
2094607	22/02/2026
2094608	22/02/2026
2094613	22/02/2026
2094616	22/02/2026
2094631	22/02/2026
2094636	22/02/2026
2094638	22/02/2026
2094640	22/02/2026
2094781	22/02/2026
2094796	22/02/2026
2094955	22/02/2026
2095387	22/02/2026
2096378	22/02/2026
2097579	22/02/2026
2097606	23/02/2026
2097608	23/02/2026
2097609	23/02/2026
2097610	23/02/2026
2097611	23/02/2026
2097612	23/02/2026
2097613	23/02/2026
2097621	23/02/2026
2097642	23/02/2026
2097681	23/02/2026
2097835	23/02/2026
2097838	23/02/2026
2097860	23/02/2026
2097925	24/02/2026
2097976	24/02/2026
2097977	24/02/2026
2097978	24/02/2026
2097979	24/02/2026
2097980	24/02/2026
2097981	24/02/2026
2097983	24/02/2026
2097984	24/02/2026
2097985	24/02/2026
2097986	24/02/2026
2097987	24/02/2026
2097991	24/02/2026
2097994	24/02/2026
2097997	24/02/2026
2097998	24/02/2026
2097999	24/02/2026
2098000	24/02/2026
2098001	24/02/2026
2098003	24/02/2026
2098004	24/02/2026
2098005	24/02/2026
2098006	24/02/2026
2098008	24/02/2026
2098009	24/02/2026
2098010	24/02/2026
2098012	24/02/2026
2098013	24/02/2026
2098014	24/02/2026
2098015	24/02/2026
2098017	24/02/2026
2098020	24/02/2026
2098022	24/02/2026
2098023	24/02/2026
2098024	24/02/2026
2098029	24/02/2026
2098030	24/02/2026
2098036	24/02/2026
2098037	24/02/2026
2098050	24/02/2026
2098052	24/02/2026
2098053	24/02/2026
2098083	24/02/2026
2098279	24/02/2026
2098322	24/02/2026
2098341	24/02/2026
2098372	24/02/2026
2098379	24/02/2026
2098382	24/02/2026
2098390	24/02/2026
2098394	24/02/2026
2098395	24/02/2026
2098402	24/02/2026
2098403	24/02/2026
2098404	25/02/2026
2098405	25/02/2026
2098406	25/02/2026
2098408	25/02/2026
2098409	25/02/2026
2098413	25/02/2026
2098415	25/02/2026
2098416	25/02/2026
2098418	25/02/2026
2098419	25/02/2026
2098420	25/02/2026
2098422	25/02/2026
2098423	25/02/2026
2098425	25/02/2026
2098428	25/02/2026
2098431	25/02/2026
2098437	25/02/2026
2098440	25/02/2026
2098453	25/02/2026
2098457	25/02/2026
2098479	25/02/2026
2098486	25/02/2026
2098505	25/02/2026
2098511	25/02/2026
2098512	25/02/2026
2098513	25/02/2026
2098515	25/02/2026
2098516	25/02/2026
2098518	25/02/2026
2098522	25/02/2026
2098524	25/02/2026
2098525	25/02/2026
2098570	25/02/2026
2098864	25/02/2026
2098901	25/02/2026
2098932	25/02/2026
2098933	25/02/2026
2098949	25/02/2026
2098967	25/02/2026
2099017	25/02/2026
2099020	25/02/2026
2099032	25/02/2026
2099033	25/02/2026
2099037	25/02/2026
2099038	25/02/2026
2099041	25/02/2026
2099048	25/02/2026
2099049	25/02/2026
2099055	25/02/2026
2099059	25/02/2026
2099060	25/02/2026
2099061	25/02/2026
2099063	26/02/2026
2099064	26/02/2026
2099065	26/02/2026
2099072	26/02/2026
2099074	26/02/2026
2099075	26/02/2026
2099079	26/02/2026
2099121	26/02/2026
2099126	26/02/2026
2099127	26/02/2026
2099132	26/02/2026
2099139	26/02/2026
2099160	26/02/2026
2099161	26/02/2026
2099162	26/02/2026
2099163	26/02/2026
2099164	26/02/2026
2099177	26/02/2026
2099192	26/02/2026
2099199	26/02/2026
2099209	26/02/2026
2099234	26/02/2026
2099235	26/02/2026
2099236	26/02/2026
2099237	26/02/2026
2099238	26/02/2026
2099239	26/02/2026
2099242	26/02/2026
2099260	26/02/2026
2099261	26/02/2026
2099272	26/02/2026
2099277	26/02/2026
2099306	26/02/2026
2099325	26/02/2026
2099344	26/02/2026
2099354	26/02/2026
2099356	26/02/2026
2099359	26/02/2026
2099361	26/02/2026
2099362	26/02/2026
2099363	26/02/2026
2099364	26/02/2026
2099365	26/02/2026
2099368	26/02/2026
2099370	26/02/2026
2099371	26/02/2026
2099376	26/02/2026
2099377	26/02/2026
2099390	26/02/2026
2099391	26/02/2026
2099396	26/02/2026
2099397	26/02/2026
2099398	26/02/2026
2099408	26/02/2026
2099411	26/02/2026
2099414	26/02/2026
2099415	26/02/2026
2099416	26/02/2026
2099417	26/02/2026
2099419	26/02/2026
2099420	26/02/2026
2099421	26/02/2026
2099422	27/02/2026
2099426	27/02/2026
2099427	27/02/2026
2099428	27/02/2026
2099430	27/02/2026
2099431	27/02/2026
2099434	27/02/2026
2099435	27/02/2026
2099437	27/02/2026
2099438	27/02/2026
2099439	27/02/2026
2099440	27/02/2026
2099441	27/02/2026
2099478	27/02/2026
2099557	27/02/2026
2099582	27/02/2026
2099636	27/02/2026
2099639	27/02/2026
2099705	27/02/2026
2099800	27/02/2026
2099887	27/02/2026
2099897	27/02/2026
2099982	27/02/2026
2100035	27/02/2026
2100036	27/02/2026
2100051	27/02/2026
2100066	27/02/2026
2100067	27/02/2026
2100072	27/02/2026
2100096	27/02/2026
2100106	27/02/2026
2100187	27/02/2026
2100197	27/02/2026
2100254	27/02/2026
2100279	27/02/2026
2100280	27/02/2026
2100283	27/02/2026
2100292	27/02/2026
2100293	27/02/2026
2100300	27/02/2026
2100301	27/02/2026
2100303	27/02/2026
2100308	27/02/2026
2100309	27/02/2026
2100315	27/02/2026
2100324	27/02/2026
2100325	27/02/2026
2100348	27/02/2026
2100364	27/02/2026
2100386	27/02/2026
2100416	27/02/2026
2100463	27/02/2026
2100496	27/02/2026
2100507	27/02/2026
2100520	27/02/2026
2100521	27/02/2026
2100523	27/02/2026
2100536	28/02/2026
2100545	28/02/2026
2100564	28/02/2026
2100573	28/02/2026
2100742	28/02/2026
2100890	28/02/2026
2102163	28/02/2026
2102277	28/02/2026
2102492	28/02/2026
2102507	28/02/2026
2102557	28/02/2026
2102592	28/02/2026
2102658	28/02/2026
2102662	28/02/2026
2102733	28/02/2026
2102817	28/02/2026
2102897	28/02/2026
2102904	28/02/2026
2102937	28/02/2026
2104107	28/02/2026
2104558	28/02/2026
2104612	28/02/2026
2104709	28/02/2026
2104749	28/02/2026
2105244	28/02/2026
2105250	28/02/2026
2105355	28/02/2026
2105700	28/02/2026
2105728	28/02/2026
2105770	28/02/2026
2105816	01/03/2026
2105817	01/03/2026
2105818	01/03/2026
2106237	01/03/2026
2106400	01/03/2026
2108441	01/03/2026
2108630	01/03/2026
2109025	01/03/2026
2109031	01/03/2026
2109037	01/03/2026
2109038	01/03/2026
2109042	02/03/2026
2109043	02/03/2026
2109044	02/03/2026
2109045	02/03/2026
2109046	02/03/2026
2109054	02/03/2026
2109055	02/03/2026
2109059	02/03/2026
2109219	02/03/2026
2109221	02/03/2026
2109224	02/03/2026
2109238	02/03/2026
2109252	02/03/2026
2109299	02/03/2026
2109428	03/03/2026
2109429	03/03/2026
2109430	03/03/2026
2109431	03/03/2026
2109433	03/03/2026
2109438	03/03/2026
2109440	03/03/2026
2109441	03/03/2026
2109600	03/03/2026
2109623	03/03/2026
2109625	03/03/2026
2109628	03/03/2026
2109631	03/03/2026
2109633	03/03/2026
2109637	03/03/2026
2109643	03/03/2026
2109652	03/03/2026
2109705	03/03/2026
2109706	03/03/2026
2109719	04/03/2026
2109722	04/03/2026
2109743	04/03/2026
2109756	04/03/2026
2109771	04/03/2026
2109776	04/03/2026
2109933	04/03/2026
2110085	05/03/2026
2110141	05/03/2026
2110142	05/03/2026
2110143	05/03/2026
2110241	05/03/2026
2110260	06/03/2026
2111084	06/03/2026
2111283	07/03/2026
2115716	09/03/2026
2115950	10/03/2026
2116017	10/03/2026
2116019	10/03/2026
2116020	10/03/2026
2116021	10/03/2026
2116022	10/03/2026
2116023	10/03/2026
2116024	10/03/2026
2116025	10/03/2026
2116028	10/03/2026
2116029	10/03/2026
2116034	10/03/2026
2116037	10/03/2026
2116038	10/03/2026
2116041	10/03/2026
2116045	10/03/2026
2116047	10/03/2026
2116048	10/03/2026
2116053	10/03/2026
2116056	10/03/2026
2116061	10/03/2026
2116062	10/03/2026
2116064	10/03/2026
2116077	11/03/2026
2116078	11/03/2026
2116079	11/03/2026
2116081	11/03/2026
2116102	11/03/2026
2116218	11/03/2026
2116287	11/03/2026
2116288	11/03/2026
2116289	11/03/2026
2116291	11/03/2026
2116298	11/03/2026
2116299	11/03/2026
2116300	11/03/2026
2116308	11/03/2026
2116309	11/03/2026
2116310	11/03/2026
2116311	11/03/2026
2116312	11/03/2026
2116316	11/03/2026
2116317	11/03/2026
2116318	11/03/2026
2116320	11/03/2026
2116321	11/03/2026
2116323	11/03/2026
2116328	11/03/2026
2116331	11/03/2026
2116339	11/03/2026
2116342	12/03/2026
2116348	12/03/2026
2116354	12/03/2026
2116380	12/03/2026
2116444	12/03/2026
2116447	12/03/2026
2116453	12/03/2026
2116454	12/03/2026
2116455	12/03/2026
2116459	12/03/2026
2116461	12/03/2026
2116463	12/03/2026
2116464	12/03/2026
2116466	12/03/2026
2116467	12/03/2026
2116469	12/03/2026
2116470	12/03/2026
2116471	12/03/2026
2116473	12/03/2026
2116474	12/03/2026
2116476	12/03/2026
2116477	12/03/2026
2116478	12/03/2026
2116479	12/03/2026
2116483	12/03/2026
2116485	12/03/2026
2116487	12/03/2026
2116495	12/03/2026
2116501	12/03/2026
2116503	12/03/2026
2116504	12/03/2026
2116518	12/03/2026
2116522	12/03/2026
2116526	12/03/2026
2116527	12/03/2026
2116538	12/03/2026
2116541	12/03/2026
2116542	12/03/2026
2116543	12/03/2026
2116548	12/03/2026
2116549	12/03/2026
2116550	12/03/2026
2116551	12/03/2026
2116553	12/03/2026
2116554	12/03/2026
2116555	12/03/2026
2116556	12/03/2026
2116557	12/03/2026
2116558	12/03/2026
2116559	12/03/2026
2116560	12/03/2026
2116562	12/03/2026
2116563	12/03/2026
2116564	12/03/2026
2116569	12/03/2026
2116570	12/03/2026
2116571	12/03/2026
2116575	12/03/2026
2116576	13/03/2026
2116577	13/03/2026
2116581	13/03/2026
2116584	13/03/2026
2116585	13/03/2026
2116589	13/03/2026
2116590	13/03/2026
2116591	13/03/2026
2116592	13/03/2026
2116594	13/03/2026
2116617	13/03/2026
2116619	13/03/2026
2116626	13/03/2026
2116649	13/03/2026
2116695	13/03/2026
2116814	13/03/2026
2116837	13/03/2026
2116847	13/03/2026
2116852	13/03/2026
2116858	13/03/2026
2116860	13/03/2026
2116861	13/03/2026
2116863	13/03/2026
2116864	13/03/2026
2116867	13/03/2026
2116873	13/03/2026
2116889	13/03/2026
2116892	13/03/2026
2116898	13/03/2026
2116899	13/03/2026
2116909	13/03/2026
2116969	14/03/2026
2117216	14/03/2026
2117306	14/03/2026
2117325	14/03/2026
2117333	14/03/2026
2117339	14/03/2026
2117345	14/03/2026
2117579	14/03/2026
2117694	14/03/2026
2117739	14/03/2026
2117802	14/03/2026
2117807	14/03/2026
2117810	14/03/2026
2117843	15/03/2026
2117846	15/03/2026
2117859	15/03/2026
2117863	15/03/2026
2117864	15/03/2026
2117871	15/03/2026
2117873	15/03/2026
2117961	15/03/2026
2117975	15/03/2026
2118006	15/03/2026
2118126	15/03/2026
2118494	15/03/2026
2118659	15/03/2026
2118681	15/03/2026
2118697	16/03/2026
2118700	16/03/2026
2118715	16/03/2026
2118729	16/03/2026
2118732	16/03/2026
2118744	16/03/2026
2118779	16/03/2026
2118784	16/03/2026
2118787	16/03/2026
2118788	16/03/2026
2118789	16/03/2026
2118795	16/03/2026
2118796	16/03/2026
2118797	16/03/2026
2118827	16/03/2026
2118859	17/03/2026
2118866	17/03/2026
2118868	17/03/2026
2118871	17/03/2026
2118875	17/03/2026
2118877	17/03/2026
2118887	17/03/2026
2118898	17/03/2026
2118901	17/03/2026
2118926	17/03/2026
2118949	17/03/2026
2118952	17/03/2026
2118960	17/03/2026
2118967	17/03/2026
2118972	17/03/2026
2118973	17/03/2026
2118974	17/03/2026
2118976	17/03/2026
2118978	17/03/2026
2118981	17/03/2026
2118982	17/03/2026
2118996	17/03/2026
2118999	17/03/2026
2119007	17/03/2026
2119013	17/03/2026
2119016	17/03/2026
2119041	18/03/2026
2119068	18/03/2026
2119291	18/03/2026
2119308	18/03/2026
2119355	18/03/2026
2119557	18/03/2026
2119697	18/03/2026
2119698	18/03/2026
2119749	18/03/2026
2119766	18/03/2026
2119797	18/03/2026
2119808	18/03/2026
2119810	18/03/2026
2119814	18/03/2026
2119815	18/03/2026
2119816	18/03/2026
2119817	18/03/2026
2119818	18/03/2026
2119820	18/03/2026
2119821	18/03/2026
2119822	18/03/2026
2119826	19/03/2026
2119827	19/03/2026
2119829	19/03/2026
2119830	19/03/2026
2119832	19/03/2026
2119833	19/03/2026
2119836	19/03/2026
2119839	19/03/2026
2119844	19/03/2026
2119845	19/03/2026
2119846	19/03/2026
2119847	19/03/2026
2119848	19/03/2026
2119849	19/03/2026
2119859	19/03/2026
2119866	19/03/2026
2119880	19/03/2026
2119925	19/03/2026
2119937	19/03/2026
2119960	19/03/2026
2119962	19/03/2026
2119963	19/03/2026
2119968	19/03/2026
2119969	19/03/2026
2119972	19/03/2026
2119976	19/03/2026
2119977	19/03/2026
2119979	19/03/2026
2119981	19/03/2026
2119983	19/03/2026
2119989	19/03/2026
2119994	19/03/2026
2120012	19/03/2026
2120014	19/03/2026
2120025	19/03/2026
2120027	19/03/2026
2120031	19/03/2026
2120034	19/03/2026
2120036	19/03/2026
2120037	19/03/2026
2120038	19/03/2026
2120039	19/03/2026
2120040	19/03/2026
2120041	19/03/2026
2120042	19/03/2026
2120046	19/03/2026
2120057	19/03/2026
2120062	19/03/2026
2120063	19/03/2026
2120067	19/03/2026
2120075	19/03/2026
2120082	19/03/2026
2120086	19/03/2026
2120088	19/03/2026
2120092	19/03/2026
2120094	19/03/2026
2120098	19/03/2026
2120102	19/03/2026
2120112	19/03/2026
2120121	19/03/2026
2120136	19/03/2026
2120137	19/03/2026
2120138	19/03/2026
2120139	19/03/2026
2120140	19/03/2026
2120141	19/03/2026
2120142	19/03/2026
2120146	19/03/2026
2120147	19/03/2026
2120149	19/03/2026
2120150	19/03/2026
2120151	19/03/2026
2120152	19/03/2026
2120153	19/03/2026
2120154	19/03/2026
2120155	19/03/2026
2120156	19/03/2026
2120157	19/03/2026
2120160	19/03/2026
2120163	20/03/2026
2120164	20/03/2026
2120171	20/03/2026
2120194	20/03/2026
2120204	20/03/2026
2120209	20/03/2026
2120219	20/03/2026
2120224	20/03/2026
2120225	20/03/2026
2120236	20/03/2026
2120253	20/03/2026
2120257	20/03/2026
2120258	20/03/2026
2120263	20/03/2026
2120266	20/03/2026
2120278	20/03/2026
2120289	20/03/2026
2120296	20/03/2026
2120306	20/03/2026
2120307	20/03/2026
2120313	20/03/2026
2120314	20/03/2026
2120322	20/03/2026
2120324	20/03/2026
2120325	20/03/2026
2120356	20/03/2026
2120363	20/03/2026
2120383	20/03/2026
2120388	20/03/2026
2120392	20/03/2026
2120409	20/03/2026
2120411	20/03/2026
2120414	20/03/2026
2120417	21/03/2026
2120419	21/03/2026
2120423	21/03/2026
2120424	21/03/2026
2120426	21/03/2026
2120427	21/03/2026
2120429	21/03/2026
2120430	21/03/2026
2120431	21/03/2026
2120432	21/03/2026
2120433	21/03/2026
2120435	21/03/2026
2120437	21/03/2026
2120470	21/03/2026
2120481	21/03/2026
2120489	21/03/2026
2120490	21/03/2026
2120491	21/03/2026
2120915	21/03/2026
2122503	21/03/2026
2122581	21/03/2026
2123278	21/03/2026
2123366	21/03/2026
2123368	21/03/2026
2123403	21/03/2026
2123644	21/03/2026
2123845	21/03/2026
2124304	21/03/2026
2124413	21/03/2026
2124485	21/03/2026
2124819	21/03/2026
2125133	21/03/2026
2125134	21/03/2026
2125140	21/03/2026
2125147	21/03/2026
2125148	21/03/2026
2125151	21/03/2026
2125152	21/03/2026
2125297	22/03/2026
2125411	22/03/2026
2125453	22/03/2026
2125454	22/03/2026
2125456	22/03/2026
2125461	22/03/2026
2125465	22/03/2026
2125466	22/03/2026
2125471	22/03/2026
2125487	22/03/2026
2125489	22/03/2026
2125490	22/03/2026
2125497	22/03/2026
2125500	22/03/2026
2125502	22/03/2026
2125505	23/03/2026
2125515	23/03/2026
2125545	23/03/2026
2125547	23/03/2026
2125550	23/03/2026
2125561	23/03/2026
2125567	23/03/2026
2125568	23/03/2026
2125573	23/03/2026
2125574	23/03/2026
2125578	23/03/2026
2125579	23/03/2026
2125580	23/03/2026
2125582	23/03/2026
2125585	23/03/2026
2125589	23/03/2026
2125594	23/03/2026
2125607	23/03/2026
2125614	23/03/2026
2125621	23/03/2026
2125660	24/03/2026
2125662	24/03/2026
2125663	24/03/2026
2125664	24/03/2026
2125665	24/03/2026
2125666	24/03/2026
2125667	24/03/2026
2125668	24/03/2026
2125669	24/03/2026
2125671	24/03/2026
2125672	24/03/2026
2125673	24/03/2026
2125721	24/03/2026
2125725	24/03/2026
2125750	24/03/2026
2125766	24/03/2026
2125768	24/03/2026
2125770	24/03/2026
2125775	24/03/2026
2125778	24/03/2026
2125785	24/03/2026
2125786	24/03/2026
2125787	24/03/2026
2125790	24/03/2026
2125796	24/03/2026
2125808	24/03/2026
2125813	24/03/2026
2125827	24/03/2026
2125838	25/03/2026
2125840	25/03/2026
2125841	25/03/2026
2125842	25/03/2026
2125843	25/03/2026
2125844	25/03/2026
2125845	25/03/2026
2125846	25/03/2026
2125847	25/03/2026
2125848	25/03/2026
2125849	25/03/2026
2125851	25/03/2026
2125853	25/03/2026
2125854	25/03/2026
2125855	25/03/2026
2125857	25/03/2026
2125858	25/03/2026
2125859	25/03/2026
2125860	25/03/2026
2125871	25/03/2026
2125892	25/03/2026
2125917	25/03/2026
2125962	25/03/2026
2125972	25/03/2026
2125975	25/03/2026
2125978	25/03/2026
2125983	25/03/2026
2125991	25/03/2026
2125992	25/03/2026
2125994	25/03/2026
2126012	25/03/2026
2126013	25/03/2026
2126049	25/03/2026
2126057	25/03/2026
2126065	26/03/2026
2126067	26/03/2026
2126068	26/03/2026
2126082	26/03/2026
2126083	26/03/2026
2126084	26/03/2026
2126102	26/03/2026
2126105	26/03/2026
2126119	26/03/2026
2126121	26/03/2026
2126132	26/03/2026
2126135	26/03/2026
2126144	26/03/2026
2126145	26/03/2026
2126159	26/03/2026
2126220	26/03/2026
2126231	26/03/2026
2126238	26/03/2026
2126239	26/03/2026
2126250	26/03/2026
2126262	26/03/2026
2126275	26/03/2026
2126287	26/03/2026
2126296	26/03/2026
2126307	26/03/2026
2126313	26/03/2026
2126314	26/03/2026
2126317	26/03/2026
2126321	26/03/2026
2126322	26/03/2026
2126326	26/03/2026
2126332	26/03/2026
2126333	26/03/2026
2126335	26/03/2026
2126336	26/03/2026
2126338	26/03/2026
2126339	26/03/2026
2126341	26/03/2026
2126378	27/03/2026
2126423	27/03/2026
2126438	27/03/2026
2126443	27/03/2026
2126444	27/03/2026
2126445	27/03/2026
2126446	27/03/2026
2126448	27/03/2026
2126450	27/03/2026
2126451	27/03/2026
2126453	27/03/2026
2126455	27/03/2026
2126456	27/03/2026
2126460	27/03/2026
2126462	27/03/2026
2126470	27/03/2026
2126471	27/03/2026
2126473	27/03/2026
2126482	27/03/2026
2126500	27/03/2026
2126571	27/03/2026
2126590	27/03/2026
2126591	27/03/2026
2126599	27/03/2026
2126602	27/03/2026
2126603	27/03/2026
2126604	27/03/2026
2126606	27/03/2026
2126609	27/03/2026
2126610	27/03/2026
2126611	27/03/2026
2126618	28/03/2026
2126624	28/03/2026
2126633	28/03/2026
2126635	28/03/2026
2126637	28/03/2026
2126640	28/03/2026
2126645	28/03/2026
2126646	28/03/2026
2126647	28/03/2026
2126648	28/03/2026
2126649	28/03/2026
2126651	28/03/2026
2128070	28/03/2026
2128355	28/03/2026
2128518	29/03/2026
2128606	29/03/2026
2128609	29/03/2026
2128610	29/03/2026
2128628	29/03/2026
2131222	29/03/2026
2131448	29/03/2026
2131981	29/03/2026
2132083	29/03/2026
2132092	29/03/2026
2132444	29/03/2026
2132466	29/03/2026
2132472	29/03/2026
2132729	29/03/2026
2132777	29/03/2026
2132804	29/03/2026
2132826	29/03/2026
2132828	29/03/2026
2132835	29/03/2026
2132843	29/03/2026
2132883	29/03/2026
2132905	29/03/2026
2132979	29/03/2026
2132986	30/03/2026
2132987	30/03/2026
2132991	30/03/2026
2133027	30/03/2026
2133033	30/03/2026
2133034	30/03/2026
2133036	30/03/2026
2133066	30/03/2026
2133205	30/03/2026
2133212	30/03/2026
2133235	30/03/2026
2133238	30/03/2026
2133239	30/03/2026
2133244	30/03/2026
2133301	30/03/2026
2133303	30/03/2026
2133375	31/03/2026
2133378	31/03/2026
2133379	31/03/2026
2133587	31/03/2026
2133766	31/03/2026
2134070	01/04/2026
2134074	01/04/2026
2134075	01/04/2026
2134082	01/04/2026
2134084	01/04/2026
2134136	01/04/2026
2134351	01/04/2026
2134548	01/04/2026
2134555	01/04/2026
2134556	01/04/2026
2134557	01/04/2026
2134558	01/04/2026
2134559	01/04/2026
2134563	01/04/2026
2134573	02/04/2026
2134574	02/04/2026
2134579	02/04/2026
2134580	02/04/2026
2134581	02/04/2026
2134583	02/04/2026
2134589	02/04/2026
2134591	02/04/2026
2134619	02/04/2026
2134620	02/04/2026
2134676	02/04/2026
2134688	02/04/2026
2134743	02/04/2026
2134788	02/04/2026
2134793	02/04/2026
2134806	02/04/2026
2134819	02/04/2026
2134827	03/04/2026
2134831	03/04/2026
2134832	03/04/2026
2134834	03/04/2026
2134836	03/04/2026
2134839	03/04/2026
2134884	03/04/2026
2135196	03/04/2026
2135383	03/04/2026
2135391	03/04/2026
2136415	03/04/2026
2136428	03/04/2026
2136512	03/04/2026
2136515	03/04/2026
2136619	04/04/2026
2139251	04/04/2026
2139253	04/04/2026
2139261	04/04/2026
2139269	04/04/2026
2139287	04/04/2026
2139330	04/04/2026
2139442	04/04/2026
2140405	05/04/2026
